DistrictSub-District	_b_male	s_b_male	r_b_male	sr_b_male	srw_b_male	_e_male	s_e_male	r_e_male	sr_e_male	srw_e_male	_b_female	s_b_female	r_b_female	sr_b_female	srw_b_female	_e_female	s_e_female	r_e_female	sr_e_female	srw_e_female
AINARO	11695	3160	3284	195	6271	17321	1288	3501	177	2318	12759	2785	3165	188	5106	17619	1221	3034	201	1928
AINARO	2593	494	974	56	2163	3983	202	1232	65	798	2820	378	986	53	1800	4039	192	1108	63	635
HATU-BUILICO	2514	536	686	26	1040	3774	123	681	20	204	2910	506	603	31	795	4023	102	587	23	110
MAUBISSE	5231	1101	1122	91	1798	7277	315	993	73	685	5652	844	1114	80	1375	7326	248	831	92	568
HATU-UDO	1357	1029	502	22	1270	2287	648	595	19	631	1377	1057	462	24	1136	2231	679	508	23	615
AILEU	9934	1108	3675	143	4639	13979	392	3338	140	1650	10236	917	3452	111	3559	13498	309	3014	120	1334
AILEUVILA	4573	514	1475	70	2476	6167	234	1654	79	974	4620	447	1409	55	1999	5884	206	1508	88	844
LIQUIDOE	1323	221	681	11	588	2011	56	587	16	154	1367	171	638	7	417	1910	37	535	9	109
REMEXIO	2364	212	857	43	924	3330	61	674	32	303	2448	196	838	26	672	3300	49	573	13	245
LAULARA	1674	161	662	19	651	2471	41	423	13	219	1801	103	567	23	471	2404	17	398	10	136
BAUCAU	19063	3708	6323	562	17720	30937	1124	8149	717	6449	21864	3347	5759	528	15773	32260	1143	7716	672	5480
BAUCAU	5653	1332	2361	250	10088	10390	464	4336	463	4031	6382	1278	2098	249	9224	10661	441	4150	454	3525
LAGA	3341	449	824	82	1435	4845	92	711	82	401	3755	348	719	83	1285	4979	109	674	91	337
QUELICAI	3388	603	942	73	2035	5150	159	1056	68	608	4191	585	891	75	1617	5766	191	921	49	432
BAGUIA	1868	247	810	39	974	2902	61	568	36	371	2257	207	791	33	846	3163	65	593	25	288
VEMASE	1740	467	505	41	1175	3182	89	450	17	190	1884	402	420	30	1028	3144	86	399	16	119
VENILALE	3073	610	881	77	2013	4468	259	1028	51	848	3395	527	840	58	1773	4547	251	979	37	779
BOBONARO	19356	3895	4163	418	10530	29558	722	5253	519	2310	22336	3590	4132	402	8771	31610	554	5054	420	1593
MALIANA	3836	1095	1102	180	4392	6524	254	2285	367	1175	4375	1171	996	174	3906	6997	217	2232	329	847
CAILACO	2381	500	410	27	829	3441	66	437	15	188	2707	465	387	16	726	3574	74	483	13	157
BALIBO	3576	579	373	46	1748	5561	37	448	22	254	3999	464	311	29	1366	5612	26	396	12	123
ATABAE	2541	437	653	43	964	3682	141	642	31	142	2821	283	597	53	743	3784	88	520	12	93
LOLOTOE	1209	291	513	52	866	2348	38	463	25	57	1471	254	702	58	699	2591	18	536	14	25
BOBONARO	5813	993	1112	70	1731	8002	186	978	59	494	6963	953	1139	72	1331	9052	131	887	40	348
COVALIMA	10930	2138	3540	182	8966	18944	527	4498	133	1654	12363	1888	3447	206	7661	19652	495	4216	129	1073
FATULULIC	364	97	65	4	256	661	10	81	3	31	424	82	85	13	242	730	10	87	2	17
FATUMEAN	706	44	345	4	334	1249	9	157	4	14	797	47	312	5	253	1293	6	104	2	9
FOROHEM	889	71	391	15	387	1373	19	316	5	40	997	65	409	12	352	1489	23	300	4	19
MAUKATAR	1194	308	273	53	912	2149	33	370	27	161	1380	279	273	58	761	2215	28	357	32	119
SUAI	3986	849	1414	64	4733	7146	246	2508	42	1104	4536	696	1366	74	4034	7386	222	2317	48	733
TILOMAR	1383	182	452	8	987	2389	40	453	27	103	1513	173	429	12	859	2434	33	446	20	53
ZUMALAI	2408	587	600	34	1357	3977	170	613	25	201										
DILI	17891	7253	7141	1218	71658	45375	4142	24017	3019	28608	19278	7011	6611	1094	59459	44645	3665	21589	2636	20918
VERACRUZ	2267	954	937	140	10815	6137	834	3674	426	4042	2443	1024	799	140	9364	6236	752	3264	361	3157
NAINFETO	1544	979	1044	210	7894	4713	588	3035	620	2715	1783	998	968	195	6879	4895	489	2850	586	2003
METINARO	972	173	201	51	720	1629	15	295	38	140	1017	154	155	50	546	1512	29	269	30	82
ATAURO	1418	227	514	18	1431	2673	70	522	37	306	1953	174	538	24	1153	3091	62	515	20	154
DOMALEIXO	6746	3387	2486	522	35338	19945	1678	11898	1519	13439	6873	3146	2325	439	28396	18763	1440	10388	1345	9243
CRISTOREI	4944	1533	1959	277	15460	10278	957	4593	379	7966	5209	1515	1826	246	13121	10148	893	4303	294	6279
ERMERA	29571	3122	6251	389	10439	39499	876	5448	320	3629	33427	2417	5585	300	7382	41103	738	4393	222	2655
RAILACO	2255	417	454	23	1328	3330	95	549	25	478	2402	349	457	18	1000	3277	74	481	15	379
ERMERA	6986	898	1991	121	4405	10138	354	2173	104	1632	8146	680	1777	88	3330	10675	317	1714	77	1238
LETEFOHO	5743	518	1187	81	1581	7400	160	950	58	542	6367	330	983	58	1128	7549	130	744	35	408
ATSABE	4926	498	493	98	1145	5977	107	591	97	388	5770	385	474	90	746	6521	97	520	68	259
HATOLIA	9661	791	2126	66	1980	12654	160	1185	36	589	10742	673	1894	46	1178	13081	120	934	27	371
LIQUIÇA	13948	1847	3451	179	7957	21040	462	3952	175	1753	15772	1567	3098	133	5899	21289	412	3412	141	1215
BAZARTETE	4713	722	1584	66	3290	7550	205	1834	56	730	5370	595	1462	47	2482	7569	180	1643	51	513
LIQUIÇA	4213	596	1172	82	2989	6621	142	1468	78	743	4801	533	1062	58	2333	6746	128	1317	63	533
MAUBARA	5022	529	695	31	1678	6869	115	650	41	280	5601	439	574	28	1084	6974	104	452	27	169
LAUTEM	9712	1680	3415	528	9517	17488	621	3783	488	2472	12641	1450	3427	437	8097	19673	552	3607	384	1836
LOSPALOS	4087	748	1505	329	5634	8008	310	1988	316	1681	5264	724	1527	264	5043	8994	278	1906	274	1370
LAUTEM	2240	476	1050	149	1994	4219	218	1006	112	354	2918	465	1017	126	1560	4666	194	918	81	227
ILIOMAR	1498	230	375	14	712	2377	47	236	24	145	2107	130	408	15	492	2806	42	224	14	66
LURO	1339	165	182	22	535	1871	37	147	22	166	1596	91	185	14	405	2000	32	152	11	96
TUTUALA	548	61	303	14	642	1013	9	406	14	126	756	40	290	18	597	1207	6	407	4	77
MANUFAHI	9491	1348	3440	104	7070	15035	409	3989	107	1913	10009	1027	3211	97	5802	14656	300	3632	62	1496
SAME	5251	788	1574	59	4403	8300	271	2047	44	1413	5718	662	1399	49	3662	8331	199	1789	31	1140
ALAS	1523	131	566	6	867	2318	17	608	9	141	1593	78	572	4	689	2242	15	580	3	96
FATUBERLIU	1235	202	466	31	1184	2132	69	612	45	260	1306	145	453	33	959	2027	40	608	22	199
TURISCAI	1482	227	834	8	616	2285	52	722	9	99	1392	142	787	11	492	2056	46	655	6	61
MANATUTO	8623	1554	1898	205	5830	13247	483	2451	203	1726	9571	1304	1818	159	4703	13485	429	2182	154	1305
MANATUTO	1758	532	429	96	2257	3177	263	779	85	768	1943	532	389	71	1888	3190	240	732	63	598
LALEIA	597	148	121	13	500	1051	30	197	7	94	613	123	132	13	453	1019	28	189	7	91
LACLO	2062	207	284	26	648	2898	53	154	13	109	2140	177	263	27	522	2858	48	144	15	64
SOIBADA	544	95	265	10	372	879	26	271	10	100	559	77	275	13	366	891	33	259	6	101
BARIQUE/NATARBORA	702	178	303	25	1037	1347	33	557	56	252	881	117	265	15	691	1364	19	403	34	149
LACLUBAR	2960	394	496	35	1016	3895	78	493	32	403	3435	278	494	20	783	4163	61	455	29	302
OECUSSI	14950	1476	1985	222	7342	20466	222	2932	170	2185	17126	1050	2231	201	6186	22156	197	2844	111	1486
PANTEMACASAR	6892	947	1078	149	5353	10295	165	2116	112	1731	7896	705	1156	138	4615	11044	140	2058	89	1179
NITIBE	3315	142	359	31	790	4179	15	311	36	96	3680	97	421	24	574	4439	9	286	6	56
OESILO	2567	260	350	24	776	3332	26	382	15	222	2904	195	454	20	650	3637	27	388	13	158
PASSABE	2176	127	198	18	423	2660	16	123	7	136	2646	53	200	19	347	3036	21	112	3	93
VIQUEQUE	13327	2086	3435	308	10120	20948	646	4694	282	2706	16064	1948	3248	284	8275	22719	673	4203	238	1986
UATUCARBAU	1257	219	325	19	1149	2055	84	521	28	281	1550	191	352	14	1044	2297	72	518	22	242
OSSU	3185	581	752	53	1686	4527	220	830	53	627	3896	507	745	50	1430	5068	238	799	37	486
WATULARI	3117	443	966	53	2526	5108	92	1448	34	423	3849	414	874	35	2133	5587	103	1292	18	305
VIQUEQUE	4462	650	1039	166	4098	7273	221	1559	158	1204	5174	663	1000	174	3243	7677	234	1346	154	843
LACLUTA	1306	193	353	17	661	1985	29	336	9	171	1595	173	277	11	425	2090	26	248	7	110
